电影名,电影年份,上映时间,电影类型,电影时长,用户评分,语言,导演,作者,宣传标语,简介
不期而遇的姐妹,(2026),2026-03-12 (MX),"喜剧,爱情",1h 25m,90,西班牙语,Ihtzi Hurtado,Mariana Palos,简介,两位女子发现自己被同一个男人欺骗，且两人都被他弄怀孕了。于是她们联手展开报复。
奇幻变身大冒险,(2026),2026-05-01 (US),"冒险,动画,家庭,奇幻",1h 42m,89,英语,内森·格雷诺,约翰·惠廷顿,Transform your destiny.,森林中的一个小生物和一只高贵的鸟突然互换了身体，他们不得不结伴而行，共同应对此生最疯狂的冒险。
肖申克的救赎,(1994),1994-09-23 (US),"剧情,犯罪",2h 22m,87,英语,弗兰克·德拉邦特,斯蒂芬·金,恐惧会将你囚禁，希望则能让你获得自由。,安迪·杜佛兰被错判谋杀妻子及其情人，在缅因州肖申克服刑，判处两项无期徒刑接连执行。影片背景设定于1940年代，展现安迪如何在残酷的监狱环境中艰难求生，甚至赢得狱友们的敬重——尤其是与老囚徒“瑞德”·雷丁之间深厚的友谊。
迈克尔·杰克逊：巨星之路,(2026),2026-04-24 (CN),"音乐,剧情",2h 16m,87,英语,安东尼·福奎阿,约翰·洛根,Discover the making of a king.,本片将通过一段从未展现过的深度视角，真实记录传奇巨星迈克尔·杰克逊的复杂人生。影片不仅再现了他最具标志性的艺术表演瞬间，更深入挖掘了他的内心世界——从天才神童的成长阵痛到全球偶像背后的争议与坚韧，全面呈现这位伟大艺术家的辉煌与坎坷。
教父,(1972),1972-03-24 (US),"剧情,犯罪",2h 55m,87,英语,弗朗西斯·科波拉,马里奥·普佐,一份你无法拒绝的邀约。,40年代的美国，“教父”维托·唐·柯里昂是黑手党柯里昂家族的首领，带领家族从事非法的勾当，但同时他也是许多弱小平民的保护神，深得人们爱戴。因为拒绝了毒枭索洛索的毒品交易要求，柯里昂家族和纽约其他几个黑手党家族的矛盾激化、圣诞前夕，索洛索劫持了“教父”的参谋汤姆，并派人暗杀“教父”；因为内奸的出卖，“教父”的大儿子逊尼被仇家杀害；小儿子麦克也被卷了进来，失去爱妻。黑手党家族之间的矛盾越来越白热化。年老的“教父”面对丧子之痛怎样统领全局？黑手党之间的仇杀如何落幕？谁是家族的内奸？谁又能够成为新一代的“教父”？血雨腥风和温情脉脉，在这部里程碑式的黑帮史诗巨片里真实上演。
挽救计划,(2026),2026-03-20 (CN),"科幻,冒险",2h 37m,87,英语,菲尔·洛德,克里斯托弗·米勒,信念是暗夜唯一的光,太阳正在被“吃”掉，绝望吞噬着地球。一名“平凡”的中学教师背负全人类的希望，踏上“太空不归路”。末路孤旅中，他意外遇到一位外星萌友，一个同样身陷绝境的外星工程师，这对“宇宙搭子”成了两个文明最后的救命稻草。他们能否在资源紧缺的情况下攻克重重科学谜题，寻回唯一的希望火种？
教父2,(1974),1974-12-20 (US),"剧情,犯罪",3h 20m,86,英语,弗朗西斯·科波拉,马里奥·普佐,柯里昂帝国的兴衰史。,作为《教父》的续篇，影片延续了科莱昂家族两代权力交替的史诗。科波拉在第二部分中讲述了两条故事线：由罗伯特·德尼罗以非凡演技演绎的年轻教父维托的根源与崛起，以及迈克尔（阿尔·帕西诺饰）作为新任教父的上位之路。
辛德勒的名单,(1993),2019-04-06 (CN),"剧情,历史,战争",3h 15m,86,英语,史蒂文·斯皮尔伯格,托马斯·肯尼利,谁拯救了一条生命，谁就拯救了整个世界。,1939年，波兰在纳粹德国的统治下，党卫军对犹太人进行了隔离统治。德国商人奥斯卡·辛德勒（连姆·尼森 Liam Neeson 饰）来到德军统治下的克拉科夫，开设了一间搪瓷厂，生产军需用品。凭着出众的社交能力和大量的金钱，辛德勒和德军建立了良好的关系，他的工厂雇用犹太人工作，大发战争财。
十二怒汉,(1957),1957-04-10 (US),剧情,1h 36m,86,英语,雷金纳德·罗斯,西德尼·吕美特,命悬其手，死视其意,西德尼·吕美特执导的本片堪称电影史上最颠覆的法庭剧。这部改编自雷金纳德·罗斯电视剧的经典之作，以密室内群像戏的精炼笔法，透视美国司法体系的肌理，张力十足。亨利·方达饰演的异议者，在由白人男性组成的陪审团中孤身抗辩——其余成员皆急于裁定被控弑父的波多黎各少年有罪。故事在一个闷热的午后、一间汗流浃背的房间里层层推进，最终凝聚成一部史诗规模的思辨传奇。吕美特这部震撼人心的导演处女作，精准捕捉了1950年代美国社会变革的前夜，成就了影史不朽的首作丰碑。
千与千寻,(2001),2019-06-21 (CN),"动画,家庭,奇幻",2h 5m,85,日语,宫崎骏,,隧道的另一头，是不可思议的小镇。,小女孩千寻被困在一个陌生的精灵世界。当她的父母发生神秘变化后，她必须鼓起自己从未发现的勇气，才能解救自己，并将家人带回外面的世界。
蝙蝠侠：黑暗骑士,(2008),2018-04-07 (CN),"动作,犯罪,惊悚",2h 32m,85,英语,克里斯托弗·诺兰,鲍勃·凯恩,黎明前的夜是最黑暗的！,蝙蝠侠在打击犯罪的战争中加大了赌注。在吉姆·戈登警长与地方检察官哈维·丹特的协助下，蝙蝠侠决心清除肆虐哥谭街头的残余犯罪组织。这一联手行动卓有成效，但他们很快发现自己沦为了一场混沌统治的猎物——这场混乱由一位新兴犯罪大师所掀动，惶恐的哥谭市民称他为“小丑”。[华纳兄弟影业]
幸运有八只触手,(2026),2026-05-08 (US),"剧情,悬疑",1h 51m,85,英语,奥利维亚·纽曼,约翰·惠廷顿,Brighter together.,一名寡妇在小镇水族馆值夜班，与一只聪明的章鱼及一个迷茫的年轻人培养出独特情谊。
勇夺芳心,(1995),1995-10-20 (IN),"喜剧,剧情,爱情",3h 10m,85,印地语,Aditya Chopra,,"Come… fall In love, all over again…",乔德利和妻子结婚多年，一直十分恩爱。两人共同养育了两个女儿希姆莱和图吉，两个姑娘都出落得亭亭玉立。一晃眼，希姆莱就到了该嫁人的年纪了，尽管乔德利一家人已经在伦敦生活了二十多年了，但乔德利骨子里依旧是一个传统的印度人。乔德利将希姆莱许配给了朋友的儿子库杰，这让希姆莱感到十分不满。一次偶然中，希姆莱邂逅了名为拉杰的印度男子，尽管拉杰为人轻浮，油腔滑调，但希姆莱还是同他坠入了情网。得知此事的乔德利举家迁回了印度，拉杰亦紧跟其后，他要如何才能获得乔德利的认可呢？
绿里奇迹,(1999),1999-12-10 (US),"奇幻,剧情,犯罪",3h 9m,85,英语,弗兰克·德拉邦特,斯蒂芬·金,保罗·埃奇康姆从不相信奇迹。直到他遇见奇迹的那一天。,1935年。美国南部惨淡肃杀的冷山监狱。这里有片一英里长的绿地，人们叫它“绿里”。不过，它的居民皆为死囚，在绿地的另一头，便是行刑用的电椅。保罗·艾治科姆（汤姆·汉 克斯饰）是这里的狱监，对于走过“绿里”、继而在电椅上惨叫毙命的死囚行刑程序，他俨然已无动于衷。除了保罗及其爱妻简外，“绿里”上还有凶残的副狱监豪威尔，有施虐倾向 的狱吏佩西，良心未泯的看守海尔和他身患绝症的妻子美琳达，喜用宠物鼠逗狱吏和诸“难友”取乐的德拉克，连环杀人狂威廉，负疚深重的犯人彼特等一干形形色色的人们。他们之 间充满了敌意和不屑。但神秘的约翰·考夫利的到来改变了一切。考夫利因谋杀两名幼女被 判死罪，他相貌恐怖，体形硕大，却出奇地平和、敏感而缄默，天真时甚至像个孩子，同时， 他似乎还具有一种不可名状的神秘力量，令人不由自主地对其产生信任感，这不禁让艾治科姆对其罪行是否属实深怀疑问。 真情无法取代程式，考夫利终要走过“绿里”。在这个貌似粗鲁的男人即将赴死的刹那，“绿里”上的人们以不同以往的形式实现了各自生命的重要跨越。
要不要做我儿子？,(2023),2023-09-21 (US),"喜剧,爱情",2h 20m,85,英语,Ihtzi Hurtado,,简介,四十岁的卢发现相伴十五年的伴侣出轨，生活瞬间崩塌。她在重建自我的过程中，与一位年轻放浪的男子产生了出乎意料的关系。
指环王3：王者无敌,(2003),2004-03-15 (CN),"冒险,奇幻,动作",4h 23m,85,英语,彼得·杰克逊,J.R.R.托尔金,敌人的邪眼在移动！,索伦大军为剿灭人类种族，已对刚铎都城米那斯提力斯展开围攻。这座昔日的伟大王国由一位日渐衰弱的摄政王守护，此刻比任何时候都更需要它的王者归来。但阿拉贡能否回应血脉的召唤，成为命定之君？中土世界的命运，正系于他宽阔的双肩。
保护者,(2026),2026-03-06 (US),"动作,惊悚",1h 32m,85,英语,阿德里安·格鲁伯格,Mun-Bong Seub,Mother. Savior. Killer...,退役军人尼基与女儿克洛伊平静生活，却在废弃工厂醒来后发现女儿遭绑架，她必须重返黑暗世界，对抗人贩子、警察与军方，在72小时黄金救援期内救回女儿。
寄生虫,(2019),2019-07-28 (CN),"喜剧,惊悚,剧情",2h 12m,85,朝鲜语,奉俊昊,韩进元,表现得好像这个地方是你的似的。,这部定义时代精神的惊世之作，将全球范围内对阶级不平等的审视浓缩为一场流行电影的反叛风暴。奉俊昊导演以这部打破类型桎梏的黑色喜剧惊悚片，奠定了其世界顶尖电影作者的地位。故事聚焦首尔的两个家庭——一户在低洼社区潮湿半地下室里挣扎求生的底层家庭，另一户则居住于可俯瞰城市的现代建筑奇观中尽享奢华。当两家人的命运因危险关系交织在一起时，资本主义的黑暗裂隙以惊人之势被彻底撕裂。影片凭借导演精心构建的戏剧场景、出色的群像演绎与震撼的视觉设计，成为一部技艺卓绝的典范之作。从戛纳到奥斯卡，横扫几乎所有国际至高奖项，更以首部非英语片问鼎最佳影片的历史性突破，宣告韩国新电影已成为不可忽视的世界力量。
星际穿越,(2014),2014-11-12 (CN),"冒险,剧情,科幻",2h 49m,85,英语,克里斯托弗·诺兰,乔纳森·诺兰,人类的下一步将迈向非凡！,近未来的地球黄沙遍野，小麦、秋葵等基础农作物相继因枯萎病灭绝，人类不再像从前那样仰望星空，放纵想象力和灵感的迸发，而是每日在沙尘暴的肆虐下倒数着所剩不多的光景。在家务农的前NASA宇航员库珀接连在女儿墨菲的书房发现奇怪的重力场现象，随即得知在某个未知区域内前NASA成员仍秘密进行一个拯救人类的计划。多年以前土星附近出现神秘虫洞，NASA借机将数名宇航员派遣到遥远的星系寻找适合居住的星球。在布兰德教授的劝说下，库珀忍痛告别了女儿，和其他三名专家教授女儿艾米莉亚·布兰德、罗米利、多伊尔搭乘宇宙飞船前往目前已知的最有希望的三颗星球考察。他们穿越遥远的星系银河，感受了一小时七年光阴的沧海桑田，窥见了未知星球和黑洞的壮伟与神秘。在浩瀚宇宙的绝望而孤独角落，总有一份超越了时空的笃定情怀将他们紧紧相连……
你的名字。,(2016),2016-12-02 (CN),"动画,爱情,剧情",1h 46m,85,日语,新海诚,,我正在寻觅未曾相识的你。,彗星降临之夜，两个生命的轨迹就此改变。高中生三叶与泷本是素不相识的陌生人，过着各自的生活。然而某夜，他们突然互换了身体——三叶在泷的身体中醒来，泷则进入了她的人生。这种奇异的现象持续随机发生，两人不得不互相迁就，调整生活节奏。出人意料的是，他们渐渐磨合出默契，通过留言、讯息，更重要的是，通过留在彼此生命中的印记建立起联结。当璀璨的彗星点亮夜空时，他们终于醒悟：渴望从这份羁绊中获得更多——一个真正见面的机会，一次真正了解彼此的相遇。他们牵起命运的丝线，试图寻找通向对方的路。然而阻隔他们的，不仅仅是距离。这份牵绊，是否足以对抗时间残酷的捉弄？抑或他们的相遇，终究只是对星辰许下的愿望？[FUNimation]
低俗小说,(1994),2024-04-18 (CN),"惊悚,犯罪,喜剧",2h 34m,85,英语,昆汀·塔伦蒂诺,罗杰·阿瓦里,仅仅因为你是一个角色并不意味着你有角色。,由序幕、尾声及三个独立又环环相扣的故事构成。早餐店两名劫匪打劫时，偶遇黑道打手朱尔斯与文森特；文森特奉命陪伴老大马沙的妻子，深陷诱惑困境；拳击手布奇因祖传金表，和马沙结下恩怨。
Selena Gomez: My Mind & Me,(2022),2022-11-02 (US),"纪录,音乐",1h 35m,85,-,阿莱克·凯西西恩,Paul Marchand,"Every breath, a breakthrough.",在聚光灯下多年之后，赛琳娜·戈麦斯获得了难以想象的明星地位。但就在她到达一个新的高峰时，一个意外的转折把她拉进了黑暗。这部独特的、亲密的纪录片跨越了她六年的旅程，展现了她新的光芒。
黄金三镖客,(1966),2018-04-16 (CN),西部,2h 41m,85,意大利语,赛尔乔·莱昂内,卢西亚诺·文森佐尼,对这三人来说内战不是地狱，是天堂。,对三个男人而言，内战并非地狱……而只是热身！克林特·伊斯特伍德再度化身“无名客”，此番联手两名枪手，共同追寻一批价值20万美元的黄金，决不让任何人阻挡——哪怕是内战中的交战派系。
阿甘正传,(1994),2020-08-25 (CN),"喜剧,剧情,爱情",2h 22m,85,英语,罗伯特·泽米吉斯,温斯顿·格鲁姆,人生就像一盒巧克力，你永远不知道下一块会是什么味道,透过被命运眷顾的单纯者阿甘的双眼，全景式展现了美国历史上动荡的三十年。
电锯人剧场版：蕾塞篇,(2025),2025-09-19 (JP),"动画,动作,爱情,奇幻",1h 40m,85,日语,吉原达矢,濑古浩司,活出你的人生本色……并让它精彩纷呈。,故事延续TV动画的最终章，讲述男主角电次在偶然邂逅的神秘少女蕾塞的庇护下，在快节奏的战斗中，奔向难以预测的命运。  电次，一个少年，与“电锯恶魔”签订契约，化身“电锯人”，成为隶属于公安部魔物对策特别课四课的魔物猎人，与魔物战斗。正兴奋地等待着与心仪的女性、公安部上司玛奇玛约会，却遭遇突如其来的暴雨，不得不在雨中避雨。在避雨的过程中，他邂逅了名为蕾塞的少女。在附近咖啡馆工作的蕾塞对电次露出了和善的笑容，两人迅速成为了好朋友。这次邂逅标志着电次的日常生活发生了重大改变。
每个人的每件事,(2019),2019-03-10 (US),纪录,1h 56m,85,英语,Ramez Silyan,Sebastian Jones,简介,从 Lil Peep卧室录制歌曲到全球巡回演出，以及他留下的巨大影响。
好家伙,(1990),1990-09-19 (US),"剧情,犯罪",2h 25m,85,英语,马丁·斯科塞斯,尼古拉斯·皮莱吉,在黑手党中度过的三十年人生。,本片根据真实故事改编，讲述了纽约黑手党血腥的江湖恩怨，把所谓的“江湖道义”还原为人性的丑陋与贪婪。
大卫·爱登堡：地球上的一段生命旅程,(2020),2020-09-28 (GB),"纪录,剧情",1h 23m,85,英语,Keith Scholey,艾雷斯泰·法瑟吉尔,简介,大卫·爱登堡讲述了他的一生以及地球上生命的进化史，以此来哀悼自然栖息地的消失，并表达了对未来的愿景。
七武士,(1954),1954-04-26 (JP),"动作,剧情",3h 27m,85,日语,黑泽明,桥本忍,在悬念和场面方面无与伦比！,这部影史最具震撼力的史诗巨制，讲述十六世纪某村庄的绝望村民雇佣七位武士抵御山贼侵袭的故事。黑泽明历时三个多小时的银幕征程，通过传奇演员三船敏郎与志村乔的演绎，将哲学沉思与娱乐观赏、细腻人情与激烈战斗完美交融，铸就这部关于勇气与希望的丰碑之作——其故事之丰饶、意境之深远，令人过目难忘。
切腹,(1962),1962-09-15 (JP),"动作,剧情,历史",2h 15m,84,-,小林正树,安彦滉,男人的尊严，男人的挣扎。,家族没落后，失业武士仲代达矢来到井伊藩主的宅邸，请求允许他在此切腹自尽。藩主家臣认定这名走投无路的浪人只是想讨份差事，遂逼迫他当场切腹——却低估了他坚守的信念与对尊严的执着。本片由小林正树执导，荣获戛纳电影节评委会特别奖，以凌厉笔触刻画了个体在腐朽伪善体制下的抗争。
萤火虫之墓,(1988),1988-04-16 (JP),"动画,剧情,战争",1h 29m,84,日语,高畑勋,,为何萤火虫的生命如此短暂？,在二战期间的日本，一对年幼的兄妹挣扎求生的故事。
美丽人生,(1997),1997-12-20 (IT),"喜剧,剧情",1h 56m,84,意大利语,罗伯托·贝尼尼,文森佐·塞拉米,最美丽的谎言。,犹太青年圭多（罗伯托·贝尼尼 Roberto Benigni 饰）邂逅美丽的女教师多拉（尼可莱塔·布拉斯基 Nicoletta Braschi 饰），他彬彬有礼的向多拉鞠躬：“早安！公主！”。历经诸多令人啼笑皆非的周折后，天遂人愿，两人幸福美满的生活在一起。然而好景不长，法西斯政权下，圭多和儿子被强行送往犹太人集中营。多拉虽没有犹太血统，毅然同行，与丈夫儿子分开关押在一个集中营里。聪明乐天的圭多哄骗儿子这只是一场游戏，奖品就是一辆大坦克，儿子快乐、天真的生活在纳粹的阴霾之中。尽管集中营的生活艰苦寂寞，圭多仍然带给他人很多快乐，他还趁机在纳粹的广播里问候妻子：“早安！公主！”法西斯政权即将倾覆，纳粹的集中营很快就要接受最后的清理，圭多编给儿子的游戏该怎么结束？他们一家能否平安的度过这黑暗的年代呢？
搏击俱乐部,(1999),1999-10-15 (US),"剧情,惊悚",2h 19m,84,英语,大卫·芬奇,恰克·帕拉尼克,搏击俱乐部的第一条规则是你不要谈论搏击俱乐部,杰克( 爱德华·诺顿 Edward Norton 饰)是一个充满中年危机意识的人，他非常憎恨自己的生活及一切，再加上他患有严重的失眠症，所以他常常参加各种团体咨询会，只为了能接触人群。在某一个团体咨询会上，杰克遇上了一个跟他同样理由来参加的女烟枪，玛拉(海伦娜·邦汉·卡特 Helena Bonham Carter  饰)，在莫名激素的影响下，杰克和玛拉一起逃离了咨询会，两人的情愫因而滋生…  一个偶然的机会，杰克遇到了卖肥皂的商人泰勒(布拉德·皮特 Brad Pitt 饰)，一个浑身充满叛逆、残酷和暴烈的痞子英雄，并因为自己公寓失火而住进了泰勒破旧不堪的家中。两人因缘际会地成为了好朋友，并创立了“搏击俱乐部”：一个让人们不戴护具而徒手搏击，宗旨在于发泄情绪的地下组织。
指环王1：护戒使者,(2001),2002-04-04 (CN),"冒险,奇幻,动作",3h 48m,84,英语,彼得·杰克逊,J.R.R.托尔金,至尊戒，驭众戒！,J.R.R.托尔金的文学巨著首次以电影形式磅礴呈现——这是一场正义对抗邪恶的史诗冒险，一段关于友谊力量与个人勇气的传奇，更是一次为人类纪元开辟道路的英雄征程。
天堂电影院,(1988),2019-06-15 (CN),"剧情,爱情",2h 4m,84,意大利语,朱塞佩·托纳多雷,瓦娜·波利,青春、友谊与电影永恒魅力的颂扬。,在意大利南部小镇姜卡尔多，童年的小多多不仅喜欢看电影，还喜欢看放映师艾弗达“剪”电影：在40年代的意大利小镇上，电影在放映之前都要经由牧师检查，把认为观众不宜的镜头（比如接吻戏）严格地剪掉之后，才可以放映。好心的艾佛特为了让更多的观众看到电影，搞了一次露天电影，结果胶片着火了，多多把艾弗达从火海中救了出来，但艾弗达双目失明。多多成了小镇唯一会放电影的人，他接替艾佛特成了小镇的电影放映师。多多渐渐长大，他爱上了银行家的女儿艾莲娜。初恋的纯洁情愫美如天堂，但是一对小情侣的海誓山盟被艾莲娜父亲的阻挠给隔断了，托托去服兵役，而艾莲娜去念大学。伤心的多多在艾佛达的鼓励下，离开小镇，追寻自己生命中的梦想……30年后，艾佛达去世，此时的多多已经是功成名就的导演，他回到了家乡参加艾弗达的葬礼。老放映员留给他一份礼物，原来是当初被镇上的检查员勒令剪掉的吻戏胶片。多多看着这些镜头，突然发现自己已经理解了生命中的一切。
上帝之城,(2002),2015-04-18 (CN),"剧情,犯罪",2h 9m,84,葡萄牙语,费尔南多·梅里尔斯,保罗·林斯,你若逃跑，野兽会抓住你；你若停留，野兽会吞噬你。,巴西里约热内卢的贫民窟，这里是“上帝之城”，更是魔鬼也会叹息着转身的地方。
人类,(2015),2015-09-12 (FR),纪录,3h 11m,84,法语,亚恩·阿蒂斯－贝特朗,,简介,"每个人背后都有一个足以撼动心灵的故事。法国知名的摄影师Yann Arthus-Bertrand就用了3年的时间，走访全球60个国家，让2,020位不同肤色、种族、性别的人，在镜头前诉说自己的故事。由乌克兰的自由战士、马里的农民，到美国的死囚，各人的故事集结成一部纪录片《人类》。纪录片中，受访者只站在纯黑色的背景中细诉自己的故事，没有花巧的剪接，甚至不多赘述受访者的身份。每个人自身的经历，足以为观众带来震撼。"
指环王2：双塔奇兵,(2002),2003-04-25 (CN),"冒险,奇幻,动作",3h 55m,84,英语,彼得·杰克逊,J.R.R.托尔金,一股新力量正在崛起！,在J.R.R.托尔金史诗三部曲的第二篇章中，护戒同盟队面对难以想象的敌军与诡谲阴谋，同时见证了远古奇迹与同胞未觉醒的力量。
惊魂记,(1960),1960-06-22 (US),"恐怖,惊悚,悬疑",1h 49m,84,英语,阿尔弗雷德·希区柯克,罗伯特·布洛克,一种全新的、截然不同的银幕刺激！,凤凰城一女秘书卷走客户四万美元公款，仓皇出逃途中入住一家偏僻汽车旅馆。旅馆经营者诺曼·贝茨是位受其母亲支配的年轻人。
蛊惑兄弟,(2000),2000-09-15 (BR),"喜剧,剧情,奇幻,爱情",1h 44m,84,葡萄牙语,Guel Arraes,Ariano Suassuna,Lying with faith is not always a sin.,智高和杰克，一对患难穷兄弟，四出寻找工作，最终在面包店找到差事。但店主极为刻薄，兄弟俩的食物比狗还要差。阴差阳错，他们弄死了店主的狗，更要哄骗神父替小狗祈福，闹出笑话连篇。及后智高暗恋大财主之女路仙霞。但智高过于害羞，久久未能成事；杰克唯有替智高制造机会。一日，镇里来了一班悍匪，洗劫村民之余，更进行杀戮游戏……
飞越疯人院,(1975),2026-04-16 (CN),剧情,2h 15m,84,英语,米洛斯·福尔曼,肯·克西,如果他疯了，那你怎么了？,在州立精神病院里休养总比蹲监狱强，对吧？兰德尔·P·麦克墨菲（杰克·尼科尔森 饰），一个血管里流淌着闪电、舌绽莲花的自由派骗子，装疯混进了他所谓的“疯子们”中间。很快，他那极具感染力的无序感便与麻木的例行程序发生冲撞。当世界大赛正酣时，这群被镇静剂泡透的家伙怎能披着浴袍拖沓度日？这意味着战争！一方是麦克墨菲，另一方则是轻声细语的拉契特护士（路易丝·弗莱彻 饰）——这位影史上最冷酷可怕的恶魔之一。而赌注，是整个病房每位患者的命运。
真爱留声,(2026),2026-06-20 (US),"爱情,喜剧",1h 59m,84,英语,Leah McKendrick,,Sometimes the universe leaves you a message.,年轻女子给已故姐姐发送的搞笑自白语音留言无意中被转给了陌生人，而这个陌生人竟隔着遥远的距离爱上了她。
妙不可言,(2021),2021-06-17 (MX),"家庭,剧情",1h 28m,84,西班牙语,Ernesto Contreras,Estéfani Enríquez Soto,There are encounters that change your life,生活是如此奇妙且难以预测，有时会在最不经意的地方发现幸福：一位七旬老妪和她的少年邻居之间产生了深厚的友谊。
声之形,(2016),2017-09-08 (CN),"动画,剧情,爱情",2h 10m,84,日语,山田尚子,吉田玲子,有时答案就是学会倾听，如此简单。,西宫硝子（早见沙织 配音）生来患有听觉障碍，要依靠助听器和外界交流，口语发音也因此格外的古怪。小学时，硝子转入了一所新的学校，特殊的生理缺陷让她成为了班上引人注目的独特存在，她因此收获了坚实的友情，却也遭到了以男生石田将也（入野自由 配音）为首的小团体的孤立和排挤。随着时 间的推移，无心或有意的恶作剧渐渐升级，最终演变成为了无法挽回的伤害，硝子永远的消失在了众人的眼前。排挤硝子的事情曝光后，将也成为了下一个被欺负的对象，孤独痛苦的他终于理解了硝子的隐忍和温柔，只是他再也没有机会跟硝子道歉了。一次偶然中，将也同硝子重逢了，命运的齿轮重新开始了转动。
蜘蛛侠：平行宇宙,(2018),2018-12-21 (CN),"动画,动作,冒险,科幻",1h 56m,84,英语,罗德尼·罗斯曼,菲尔·洛德,任何人都可以成为英雄。,《乐高大电影》和《龙虎少年队》的创作灵魂菲尔·罗德与克里斯托弗·米勒，将他们独特的才华注入一个全新的蜘蛛侠宇宙，开创了前所未见的突破性视觉风格。本片讲述了布鲁克林少年迈尔斯·莫拉莱斯（沙梅克·摩尔 配音）的冒险故事，并揭开了蜘蛛宇宙的无限可能——在那里，能够戴上英雄面具的远不止一人。[索尼影业]
素媛,(2013),2013-10-02 (KR),剧情,2h 2m,84,朝鲜语,李濬益,曹重勋,在最痛的地方，开出最美的花,她是一个美丽平凡的小女孩，和爸爸妈妈生活在位于街角的家中。家里经营着以她的名字素媛命名的杂货店，母亲作为老板娘日夜忙碌不得闲暇，父亲则在工厂干着繁重的工作。在那个飘雨的早上，素媛打着雨伞独自上学。在离学校近在咫尺的地方，她遭遇一个相貌猥琐、酒气冲天的大叔，由此开启了她的悲剧之旅。柔嫩的小花遭到暴风雨无情摧残，受伤的岂止枝枝叶叶，更是那迎着阳光无忧成长的心。无良媒体铺天盖地大肆渲染，作为受害者的素媛一家仿佛成了周身污秽的耻辱之人，被四周诧异好奇的目光所包围。妈妈悲痛欲绝，几近崩溃。爸爸全力保护女儿，但受伤的小天使却拒绝爸爸的靠近。问凶之路伴随着天使的治愈旅程，美丽的女孩可会再露灿烂笑容？
星球大战5：帝国反击战,(1980),1980-05-21 (US),"冒险,动作,科幻",2h 4m,84,英语,厄文·克什纳,利·布拉克特,冒险在继续……,星球大战事件三年后，帝国军队继续追捕义军。义军在霍斯冰原星球战败后，卢克前往达戈巴星球，跟随自共和国覆灭后隐居的绝地大师尤达进行训练。为诱使卢克堕入黑暗面，达斯·维达将年轻的天行者引入贝斯平云城的陷阱。在与西斯尊主的激烈光剑对决中，卢克面对一个惊人的真相。[20世纪福克斯]
哈尔的移动城堡,(2004),2004-04-24 (CN),"奇幻,动画,冒险",1h 59m,84,日语,宫崎骏,戴安娜·温尼·琼斯,带着心爱的人在天空飞翔。,18岁少女苏菲在街上遇到神秘青年霍尔，霍尔忽然抱起苏菲一同飞上天空，苏菲的心从此深深地被霍尔吸引。然而那天晚上，苏菲被名叫荒地魔女的女巫施了魔法，外表变成了90岁的老婆婆。心灰意冷的苏菲只好整理行李，远离人群，前往霍尔在荒郊野外的城堡……
加百列的地狱,(2020),2020-05-29 (US),"爱情,剧情",2h 2m,84,英语,托斯卡·马斯克,Sylvain Reynard,简介,一个迷人的探索诱惑，禁止的爱，和救赎，一个迷人和激情的故事，一个人从他自己的地狱，因为他试图赢得不可能的宽恕和爱。
七宗罪,(1995),1995-09-22 (CN),"犯罪,悬疑,惊悚",2h 7m,84,英语,大卫·芬奇,安德鲁·凯文·沃克,每一桩命案，都对应一种原罪。,“暴食”、“贪婪”、“懒惰”、“嫉妒”、“骄傲”、“淫欲”、“愤怒”，这是天主教教义所指的人性七宗罪。城市中发生的连坏杀人案，死者恰好都是犯有这些教义的人。凶手故弄玄虚的作案手法，令资深冷静的警员沙摩塞（摩根•弗里曼 Morgan Freeman 饰）和血气方刚的新扎警员米尔斯（布拉德•皮特 Brad Pitt 饰）都陷入了破案的谜团中。他们去图书馆研读但丁的《神曲》，企图从人间地狱的描绘中找到线索，最后从宗教文学哲学的世界中找到了凶手作案计划和手段的蛛丝马迹。凶手前来投案自首，这令众人都松了一口气，以为案件就此结束，怎料还是逃不出七宗罪的杀人逻辑，这次凶手瞄准的目标，是那个犯了“愤怒”罪的人……
美国往事,(1984),2015-04-23 (CN),"剧情,犯罪",3h 49m,84,英语,赛尔乔·莱昂内,哈里·格雷,犯罪、激情与权力欲望。,二十年代的美国，纽约少年“面条”和几个同龄朋友一起认识了聪明狡黠的“麦克斯”，他们开始从事走私活动。不久，面条在一场械斗中杀伤人命，被关进监牢。若干年后，“面条”出狱，当时的小伙伴们已经变成了健壮的青年人，在“麦克斯”的带领下，他们开始了一系列抢劫、盗窃、敲诈活动。随着犯罪活动的不断深入， “麦克斯”似乎被胜利冲昏了头脑，竟然把美国联邦储备银行也列入了行动目标。“面条”不忍眼看好友走向毁灭，偷偷打电话报警，想逼迫“麦克斯”收手。警察与 “面条”的朋友展开激烈枪战，“麦克斯”等人全部被杀。“面条”带着深深的悔恨和痛苦，离开纽约，回到年少时生长的地方。三十五年过去了，几近垂暮的“面条”重新回到纽约的伤心地，他遇见了少时的朋友和旧情人，而当年“麦克斯”他们的死，背后竟然包含着出乎意料的阴谋。
爆裂鼓手,(2014),2024-12-06 (CN),"剧情,音乐,惊悚",1h 47m,84,英语,达米恩·查泽雷,,通往伟大的道路可能会将你带到边缘。,年轻的爵士鼓手安德鲁·奈曼就读于全国顶尖的音乐学院，师从令人畏惧的爵士乐导师特伦斯·弗莱彻，在成为顶尖爵士鼓手的道路上奋力挣扎。
盗梦空间,(2010),2010-09-01 (CN),"动作,科幻,冒险",2h 28m,84,英语,克里斯托弗·诺兰,,你的梦境 就是 犯罪现场,道姆·柯布与同事阿瑟和纳什在一次针对日本能源大亨齐藤（渡边谦 饰）的盗梦行动中失败，反被齐藤利用。齐藤威逼利诱因遭通缉而流亡海外的柯布帮他拆分他竞争对手的公司，采取极端措施在其唯一继承人罗伯特·费希尔的深层潜意识中种下放弃家族公司、自立门户的想法。为了重返美国，柯布偷偷求助于岳父迈尔斯，吸收了年轻的梦境设计师艾里阿德妮、梦境演员艾姆斯和药剂师约瑟夫加入行动。在一层层递进的梦境中，柯布不仅要对付费希尔潜意识的本能反抗，还必须直面已逝妻子梅尔的处处破坏，实际情况远比预想危险得多……
钢琴家,(2002),2003-01-24 (GB),"剧情,战争",2h 30m,84,英语,罗曼·波兰斯基,罗纳德·哈伍德,音乐是他的激情所在。生存则是他的杰作。,波兰犹太裔天才钢琴家瓦迪斯瓦夫·什皮尔曼逃脱了驱逐，被迫生活在华沙犹太区的中心，亲历苦难、屈辱与挣扎。他设法逃出并藏身于首都的废墟中，一名德国军官向他伸出援手，助他幸存。[焦点影业]
天国与地狱,(1963),1963-03-01 (JP),"剧情,犯罪,惊悚",2h 22m,84,日语,黑泽明,埃文·亨特,剧情紧张激烈，几乎令人难以置信！,在黑泽明这部极具影响力的家庭伦理剧与刑侦叙事杰作中，三船敏郎饰演的富商权藤金吾令人过目难忘——其家人沦为冷血绑匪的勒索目标。改编自艾德·麦可班恩侦探小说《国王的赎金》的本片，游刃有余地从分秒必争的惊悚剧过渡为精准的社会剖析，铸就了一部关于阶级矛盾与当代日本社会的犀利影像论著。[标准收藏公司]
鱿鱼游戏： 第二季 制作特辑,(2025),2025-01-03 (KR),纪录,28m,84,朝鲜语,,,简介,三年前，鱿鱼游戏由456号选手（李政宰 饰）胜出，他本想远走高飞，却在搭机赴美前临阵反悔，决心展开新计划。成奇勋再度投身这场神秘的生存游戏，又一次赌上性命，与一群新的参赛者一起争夺高达456亿韩元的奖金。
罗小黑战记,(2019),2019-08-27 (CN),"动画,奇幻,动作",1h 42m,84,-,MTJJ,彭可欣,有你的地方 就是家,在熙攘的人类世界里，很多妖精隐匿其中，他们与人类相安无事地生活着。猫妖罗小黑因为家园被破坏，开始了它的流浪之旅。这场旅途中惺惺相惜的妖精同类与和谐包容的人类伙伴相继出现，让小黑陷入了两难抉择，究竟何处才是真正的归属？
露西·希姆斯和和平王子,(2020),2020-10-19 (US),"剧情,家庭",1h 27m,84,英语,Rob Diamond,,简介,假日季节，一位天使帮助一个冷酷的罪犯和一个早熟的小女孩相遇，并改变了他们的内心，从而给予他们第二次机会。
加百列的地狱：第二部,(2020),2020-07-31 (US),"爱情,剧情",1h 46m,83,英语,托斯卡·马斯克,Sylvain Reynard,简介,加布里埃尔·爱默生教授终于发现了朱莉娅·米切尔身份的真相，但他的意识到为时已晚。茱莉亚最终希望这位受人尊敬的但丁专家会记住她，并且不想再与他有任何关系。加布里埃尔能在别人的怀抱中找到爱之前赢回她的心吗？
沉默的羔羊,(1991),2018-04-16 (CN),"犯罪,惊悚,剧情",1h 59m,83,英语,乔纳森·戴米,托马斯·哈里斯,要进入杀手的头脑，她必须挑战疯子的头脑。,"在这部改编自托马斯·哈里斯畅销小说的惊世之作中，技艺超凡的导演乔纳森·戴米以令人毛骨悚然的笔触，勾勒出缠绕美国社会的梦魇——连环谋杀。朱迪·福斯特颠覆性地诠释了联邦调查局见习探员克拉丽丝·史达琳的形象，为洞悉另一名连环杀手的心智，她不得不求助于恶名昭彰的""食人魔""汉尼拔·莱克特，此番表演亦成为其演艺生涯中最令人难忘的篇章。与她交锋的安东尼·霍普金斯，则塑造出堪称典范的暗黑英雄形象——优雅博学、机锋凌厉却暗藏杀戮本能，令人战栗地呈现了人性彻底堕落的剖面。这部兼具扣人心弦的刑侦叙事与扭曲心理深度探索的杰作，当年横扫奥斯卡最佳影片、导演、改编剧本、男女主角五项大奖，至今仍是影史文化里程碑。[标准收藏公司]"
蜘蛛侠：纵横宇宙,(2023),2023-06-02 (CN),"动画,动作,冒险,科幻",2h 20m,83,英语,贾斯汀·K·汤普森,乔伊姆·多斯·桑托斯,每个人都说这是蜘蛛侠注定的命运，但我要找到属于自己的路。,荣获奥斯卡奖的蜘蛛侠平行宇宙传奇迎来全新篇章。在这段史诗级冒险中，布鲁克林的全职邻家英雄蜘蛛侠迈尔斯·莫拉莱斯将穿越多元宇宙，与格温·史黛西及全新蜘蛛侠团队集结成军，直面前所未见的强大反派。[索尼影业]
加百列的地狱：第三部,(2020),2020-11-19 (US),"爱情,剧情",2h 2m,83,英语,托斯卡·马斯克,Sylvain Reynard,简介,一个黑暗的人带着恶意从茱莉亚的过去回来了。加布里埃尔有他需要分享的秘密，但担心如果他这样做，他会失去一切。他们的关系会经受住秘密揭露的考验吗？他们对但丁和弗洛伦斯的共同热爱会是他们所希望的一切吗？
激进教学,(2023),2023-10-19 (MX),剧情,2h 2m,83,西班牙语,Christopher Zalla,,Think for yourself.,在一个充满忽视、腐败和暴力的墨西哥边境小镇，一名老师决定尝试一种激进的新方法来释放学生的潜力与好奇心，甚至发掘出他们的天才之处。
后窗,(1954),2019-04-13 (CN),"惊悚,悬疑,剧情",1h 53m,83,英语,阿尔弗雷德·希区柯克,约翰·迈克尔·海耶斯,只需一个目击者，就能破坏这桩完美的犯罪。,一位足不出户的摄影师透过公寓窗户窥见邻居们的隐秘生活，当他断定其中一人犯下谋杀罪行时，一场扣人心弦的观察与博弈就此展开。詹姆斯·斯图尔特与格蕾丝·凯利联袂出演这场由阿尔弗雷德·希区柯克执导的、在有限空间内层层铺陈悬念的影史经典。
防弹少年团：燃烧舞台电影版,(2018),2018-11-15 (KR),"音乐,纪录",1h 25m,83,朝鲜语,Park Jun-soo,,"From the deserts to the seas, we were always together.","防弹少年团的故事将被拍成电影,11月CGV上映!据体育东亚独家报道,讲述防弹少年团成长故事的纪录片形式电影"
回到未来,(1985),1985-07-03 (US),"冒险,喜剧,科幻",1h 56m,83,英语,罗伯特·泽米吉斯,鲍勃·盖尔,他是唯一一个到出生前惹麻烦的孩子。,马蒂·麦克弗莱，一位典型的八十年代美国青少年，意外被一台由钚动力驱动的德罗宁“时间机器”送回到1955年——这台机器由一位略带疯狂的科学家发明。在这段时常癫狂、总是惊人的穿越之旅中，马蒂必须确保他那正值青春期的未来父母相遇并坠入爱河，他才能顺利返回未来。[官方简介]
美国X档案,(1998),1998-10-30 (US),剧情,1h 59m,83,英语,托尼·凯耶,大卫·麦肯纳,Some legacies must end.,德瑞克 的父亲在他很小的时候就被一名黑人毒贩射杀，从此给他幼小的心灵埋下了仇恨的种子。原来德瑞克功课很好，是老师眼中的好学生。但自从父亲遇难后，他就将一切心机都放在了对付有色人种上面。他积极组织起一帮白人青年混混，到处和有色人种对着干。一次，他射杀了两名黑人，因此入狱。入狱后，德瑞克加入了一伙新纳粹的白人。后来，因工作关系他和一名黑人成了好友，他开始反思自己的过去。当他意欲脱离狱中新纳粹组织时，遭到了拳打脚踢。德瑞克出狱后，决心和以前自己组织的帮会脱离关系，带着弟弟远走他乡开始新的生活。
幽灵公主,(1997),2025-05-01 (CN),"冒险,奇幻,动画",2h 14m,83,日语,宫崎骏,,世界的命运系于一位勇士的勇气之上。,室町时代时期的虾夷族少年阿席达卡，某日遇到被称为“邪魔神”攻击他所居住村落的怪物。在阿席达卡为了保护村落与邪魔神对战时，过程当中遭受邪魔神的攻击而留下创伤与诅咒。击败了邪魔神之后，阿席达卡发现对方是由一头愤怒的山猪神所变化而成，并在祂的体内发现一颗铁弹。之后村里的女巫便劝他以铁弹为线索，来离开村落前往西方，查找邪魔神产生的来源和解除诅咒方法。  于阿席达卡的旅途中，他拯救了两名来自于炼铁据地“达达拉城”的住民。在协助对方返回到达达拉城之后，阿席达卡得知邪魔神身上的铁弹，便是遭到由达达拉城所打造的火枪所伤，其中达达拉城的统治者黑帽大人因为炼铁缘故从森林中砍伐许多木头资源，便与森林中的神祇交恶发生冲突。起初阿席达卡对于黑帽大人夺取资源、伤害森林神祇的行为感到愤怒，但之后目睹到众多穷人以及被社会隔离的痳疯患者在达达拉城有着生存机会而动摇。  后续他知晓森林里住着一位由犬神所养大，憎恨黑帽大人一心想取下对方性命，有着“幽灵公主”名号的人类少女小桑。在阿席达卡来到达达拉城的当日夜晚里，小桑突然现身于达达拉城内想找寻机会突击黑帽大人。当她们俩人展开打斗时，阿席达卡试图想调停双方之间的斗争，但在阻止的过程中阿席达卡意外遭旁人用石火枪给误射打伤。而小桑之后则将阿席达卡带回自己居住的森林里疗养。  在伤口撤销后，阿席达卡得知小桑打算与其祂山猪神同盟向人类一决死战，并发现到黑帽大人要与朝廷一方势力联手，来夺取名为“山兽神”的森林神祇之首级，以获得对方长生不死能力的事情。之后阿席达卡便试着想在混乱的局势中，找寻可解决冲突的方式。
惩罚者：最后一击,(2026),2026-05-12 (US),"动作,剧情,犯罪",51m,83,英语,雷纳尔多·马库斯·格林,Ross Andru,Hey Frank.,弗兰克·卡斯特想在复仇之外，追求更有意义的目标，但他却意外地被拉回战场。
别假正经,(1984),2024-06-16 (CN),"纪录,音乐",1h 28m,83,英语,乔纳森·戴米,,Why stop making sense? Why a movie? Why a big suit? Where do the odd movements come from? What will the band do next?,一部关于摇滚乐队传声头的演唱会纪实电影。
荒野机器人,(2024),2024-09-20 (CN),"家庭,动画,科幻,冒险",1h 42m,83,英语,克里斯·桑德斯,,发现你的本性,梦工厂动画全新改编文学畅销作品——彼得·布朗荣获大奖、备受喜爱的《纽约时报》榜首畅销书《荒野机器人》。这段史诗冒险讲述机器人“ROZZUM单元7134”（简称“罗兹”）的旅程：她因船只失事流落荒岛，必须学会适应严酷环境，逐渐与岛上动物建立联系，并成为一只孤儿小鹅的养母。[梦工厂影业]
音魂掠影,(2022),2022-02-17 (IT),"纪录,音乐,历史",2h 36m,83,意大利语,朱塞佩·托纳多雷,,简介,由著名导演#朱塞佩·托纳多雷#编剧并执导，吉亚尼·罗素、王家卫等人任监制，聚焦意大利音乐大师埃尼奥·莫里康内的传记电影#50年一瞬间的魔幻时刻#正在进行后期制作，计划2020年公映。
紫罗兰永恒花园 剧场版,(2020),2021-12-25 (CN),"动画,剧情,奇幻,爱情",2h 20m,83,日语,石立太一,晓佳奈,致我最心爱的人，这是我最后的书信。,——「爱」究竟是什么？  曾经将「爱」告诉自己、 给予自己的，重要的人。  即使想见，却再也见不到。 永远。 放开了手的、最最重要的那个人。  从事代笔业的她，名字是「薇尔莉特·伊芙加登」。自幼身为士兵参战，没能获得培育心灵机会的她，无法理解自己重要的上司「吉尔伯特·布干维利亚」所留下的话语。——我从心底，爱着你。  让人们背负深深伤痕的战争结束之后，经过数年。生活随着新技术的开发而改变，人们开始面向前方前进。但，薇尔莉特坚信着吉尔伯特还在某处活着，每一天只是思念着他。——亲爱的吉尔伯特少校。今天我又再一次回忆起了少校的事情。薇尔莉特强烈的愿望，溶解在静谧的夜当中。  在吉尔伯特母亲的月忌日，薇尔莉特像是要代替他一般地献上鲜花。某天，她与吉尔伯特的哥哥·迪特福利特海军上校不期而遇。迪特福利特告诉她是时候该忘记吉尔伯特了，但薇尔莉特立刻做出了答复。「我无法忘记」。  就在此时，薇尔莉特接到了一通委托电话。委托人是名叫尤里斯的少年。另一方面，在邮政公司的仓库里，发现了一封收信人不明的信……。
同级生,(2016),2016-02-20 (JP),"爱情,动画",1h 1m,83,日语,中村章子,中村明日美子,"Sincerely, Slowly, Falling in Love.",夏天时节，东府第一高校要举行合唱祭。在课后合唱训练中，高中二年级A班草壁光（神谷浩史 配音）发现同班的尖子生佐条利人（野岛健儿 配音）并没有开口唱歌。草壁原以为这样的优等生不屑于合唱活动，却在当天放学后发现佐条独自留在教室练习。鬼使神差地，擅长音律的草壁主动提出要帮助佐条练习唱歌。经过多日的相处，草壁渐渐被认真的佐条吸引，却一直苦恼于对方是为了他人才如此努力学习唱歌。到了合唱祭这一天，草壁忽然控制不住情绪，在正式演出中途跑了出去，佐条见状紧张地追上。在空荡荡的校园里，二人终于向对方确定了心意。夏天要结束了，而他们青春的诗篇才刚刚开始。
未麻的部屋,(1998),2024-04-18 (CN),"动画,惊悚",1h 21m,83,日语,今敏,竹内义和,不好意思……请问你是？,当红三人少女偶像团体Charming Bird面临解散，核心成员雾越未麻在事务所的安排下不得不退出团体，转型成为一名电视剧演员。万事开头难，对于偶像歌手转型而来的未麻尤其如此，她在工作中承受着压力，闷闷不乐。与此同时，各种恐吓信不断、经纪人田所先生遇袭以及以自己的口吻在网站上写日记的神秘人都让未麻焦虑不已，恍惚间她甚至看到另一个自己。未麻的苦恼无人知晓，贪婪的田所甚至同意剧组的剧本，要求未麻出演一场尺度极大的强暴戏。这次演出成为未麻演艺事业的转折点，她的出镜率开始攀升，甚至还拍摄了裸露的写真。与此相对，电视剧编剧涩谷和曾给未麻拍下裸照摄影师村野接连遇害。未麻的生活变得混乱不堪，真相究竟如何？本片荣获1997年亚洲奇幻电影节最佳亚洲影片。
生之欲,(1952),1952-10-09 (JP),剧情,2h 23m,83,日语,黑泽明,桥本忍,一个关于小人物的大故事，它将紧紧抓住你的灵魂……,黑泽明导演生涯的至高成就之一，本片以极致的悲悯凝视死亡，完成对生命的礼赞。志村乔动人诠释胃癌晚期的老公务员渡边勘治，在生命终点踏上追寻意义的旅程。影片以突破性的双段式结构展开，镜头语言浸润着洞察人性本真的人文主义光辉，从多重维度叩问生存的真谛。
死亡诗社,(1989),2026-04-17 (CN),剧情,2h 8m,83,英语,彼得·威尔,托马斯·舒尔曼,他是他们的灵感源泉。他让他们的生命变得非凡。,威尔顿预备学院以其沉稳凝重的教学风格和较高的升学率闻名，作为其毕业班的学生，理想就是升入名校。新学期文学老师约翰·基汀（罗宾·威廉姆斯 饰）的到来如同一阵春风，一反传统名校的严肃刻板...
这个杀手不太冷,(1994),2024-11-01 (CN),"犯罪,剧情,动作",2h 13m,83,法语,吕克·贝松,,想把事情办的漂亮，就得请专业的,里昂是名孤独的职业杀手，受人雇佣。一天，邻居家小姑娘马蒂尔达敲开他的房门，要求在他那里暂避杀身之祸。原来邻居家的主人是警方缉毒组的眼线，只因贪污了一小包毒品而遭恶警杀害全家的惩罚。马蒂尔达得到里昂的留救，幸免于难，并留在里昂那里。里昂教小女孩使枪，她教里昂法文，两人关系日趋亲密，相处融洽。女孩想着去报仇，反倒被抓，里昂及时赶到，将女孩救回。混杂着哀怨情仇的正邪之战渐次升级，更大的冲突在所难免……
我们如此相爱,(1974),1974-12-21 (IT),"剧情,喜剧",2h 4m,83,意大利语,埃托雷·斯科拉,艾根诺尔·因克鲁西,一件光彩夺目的事物。,安东尼奥（尼诺·曼弗莱迪 Nino Manfredi 饰）、贾尼（维托里奥·加斯曼 Vittorio Gassman 饰）和尼古拉（Stefano Satta Flores 饰）是战争时代的生死之交。战争结束后，他们回归了家乡，开始了各自迥异的生活。安东尼奥结识了美丽女孩露西安娜（斯蒂芬尼娅·桑德雷莉 Stefania Sandrelli 饰），坠入了情网，可露西安娜喜欢的却偏偏是贾尼。可最终，贾尼选择同侯爵女儿结婚，露西安娜陷入了痛苦之中，此时，安东尼奥再度出现在了露西安娜的身边，陪伴守护着她。露西安娜一直希望能够成为一名演员，为了实现理想，她甚至不惜向负责挑选演员的负责人献出了肉体。几经波折，安东尼奥和露西安娜总算坦诚相对，互诉衷肠，一对璧人终于走到了一起。
献给我的前妻,(2019),2019-11-08 (EC),"剧情,喜剧",1h 34m,83,西班牙语,Jorge Ulloa,Diego Ulloa,简介,这部电影讲述了21岁的阿里尔的故事：为筹钱挽回濒临破裂的恋情、与前女友重逢，他决定组建一支摇滚乐队，参加奖金高达一万美元的乐队大赛，这已是他最后的办法——此前，女友因要前往芬兰实习，两人的感情走到了尽头。阿里尔和好友奥尔特加一起举办海选招募乐队其他成员，尽管两人对音乐一窍不通，最终还是组建起一支成员性格迥异、喜好截然不同的乐队。
五等分的新娘 剧场版,(2022),2022-05-20 (JP),"动画,喜剧,爱情",2h 16m,83,日语,神保昌登,大知庆一郎,简介,为了让「濒临留级」又「讨厌学习」的美少女五姐妹通过学校考试毕业，主角风太郎以兼职家庭教师的身份来到中野家指导她们的课业，也因此渐渐与五胞胎们培养出感情。怀抱着各种想法的各人也迎来高中生活最后的活动「学园祭」。「学园祭第一天15时请到教室来。」聚集在教室里的五胞胎们，风太郎想告诉她们的是……
带来灵魂：防弹少年团演唱会电影,(2019),2019-08-07 (KR),"音乐,纪录",1h 43m,83,朝鲜语,Park Jun-soo,,"Forever, we are young.",据媒体报道防弹少年团 第三部演唱会电影《Bring the Soul：The Movie》确定将于8月7日全球同步上映并公开了海报。据悉，该电影记录了防弹少年团从首尔开始经过众多的城市，结束漫长的欧洲巡演后在围坐在巴黎一个小小的屋顶举行属于他们自己的庆祝宴的模样。另外，《Bring the Soul：The Movie》将展现防弹少年团7名成员各样的魅力，他们率真坦诚的面貌将带给观众心动和感动，该片将于8月7日上映。
摩登时代,(1936),1936-09-17 (CN),"喜剧,剧情,爱情",1h 27m,83,英语,查理·卓别林,,他是现代最伟大的艺人，举世无双！世上无人能像他那样，让你开怀大笑，又深深触动你的心弦……全世界都为他无价的才华而欢笑、流泪、激动不已！,二十年代的美国处于经济萧条时期，失业率居高不下，工人受尽压榨，成为了大机器生产中的一颗螺丝钉。查理就是一个底层市民，他在一个机器隆隆的厂房里日以继夜地工作，以赚取微薄的收入。重复繁重的工作压得他喘不过气，他把人们的鼻子当成螺丝钉来拧，卷入流水线机器的皮带里，令人苦笑不得。
大独裁者,(1940),2021-09-19 (CN),"喜剧,战争",2h 5m,83,英语,查理·卓别林,,再次——全世界都在嘲笑！,在其备受争议的杰作中，查理·卓别林既尖刻地讽刺了阿道夫·希特勒，又巧妙地颠覆了自身的喜剧形象。在其首部纯有声片中，卓别林以精湛的肢体表现力分饰两角：残酷而滑稽的“托曼尼亚”独裁者，以及被错认成他的善良犹太理发师。凭借杰克·奥克与宝莲·高黛的精彩配角演绎，这部在美国正式加入二战前便大胆直指法西斯领导人的作品，将政治讽喻与肢体喜剧熔铸成登峰造极的艺术表达，最终在卓别林那段传世的激扬演说中达到高潮。
生活多美好,(1946),1946-12-20 (US),"剧情,家庭,奇幻",2h 11m,83,英语,弗兰克·卡普拉,弗朗西丝·古德里奇,这笑声多么美妙！这爱意多么动人！,一位天使被派往人间，帮助一位万念俱灰的商人，向他展现假如他从未存在过，生活将会是怎样的光景。
日落大道,(1950),2026-04-16 (CN),剧情,1h 50m,83,英语,比利·怀尔德,查尔斯·威廉·布莱克特,一个好莱坞故事。,好莱坞的声名终会消散——只需问问诺玛·戴斯蒙德。她曾是影坛传奇，如今已成被人遗忘的旧时代残影。当穷困潦倒的编剧乔·吉利斯误入她那衰败的宅邸，便陷入了她偏执与妄想的罗网。起初看似机遇的邂逅，很快演变为一场危机四伏的困局。这部作品被广泛认为是好莱坞黄金时代最伟大的影片之一，它以阴郁、扭曲又萦绕人心的视角，凝视着好莱坞的轮回——那里青春是流通货币，才华转瞬即逝，而聚光灯终会黯淡。[派拉蒙影业]
触不可及,(2011),2011-11-02 (FR),"剧情,喜剧",1h 52m,83,法语,埃里克·托莱达诺,奥利维埃·纳卡什,Sometimes you have to reach into someone else's world to find out what's missing in your own.,因为一次跳伞事故，白人富翁菲利普Philippe（弗朗索瓦·克鲁塞 François Cluzet 饰）瘫痪在床，欲招聘一名全职陪护。由于薪酬高，应聘者云集，个个舌灿莲花，却无法打动他的心。直到黑人德希斯Driss（奥玛·赛 Omar Sy 饰）的出现才让他作出决定。德希斯刚从监狱出来，背负家庭重担，一心只想寻张辞退信以申领救济金，而且他明显对女助理的兴趣要远大于这份工作。但是菲利普还是一眼相中了这个小伙子。于是，德希斯开始了一个月的试用期。虽然舒适的豪宅环境让他倍感虚荣，但是他仍面临很多挑战：不仅要为菲利普作身体复健，还得给他洗浴、灌肠、拆信、穿丝袜等。起初，两人的思维方式与价值观大相径庭，但是，随着了解的不断深入，他们成为了朋友。本片取材于真实事件，获2011年东京电影节最佳影片金麒麟奖，弗朗索瓦·克鲁塞与奥玛·赛分享影帝桂冠。
西部往事,(1968),2018-04-16 (CN),"剧情,西部",2h 46m,83,意大利语,赛尔乔·莱昂内,塞尔吉奥·多纳蒂,她生命中有三个男人。一个带走了她，一个深爱着她，还有一个——最终杀死了她。,塞尔吉奥·莱昂内的这部不朽史诗，其恢弘堪比取景地纪念碑谷，其气度媲美星光熠熠的杰出演员阵容，其粗粝不羁正如每个孩子想象中的狂野西部。影片围绕一名神秘的口琴客、一位寻找杀父仇人的寡妇、一个亡命之徒以及一名铁路大亨之间错综复杂的关系展开，以恩尼奥·莫里康内传奇般的配乐为灵魂，塑造了影史中最令人难忘的西部片开场与结局。这是一首对正在消逝的旧西部的挽歌，也是一部永远重塑了该类型的杰作。
夜与雾,(1956),1956-05-22 (FR),"纪录,历史",32m,83,法语,阿伦·雷乃,让·凯罗尔,简介,1956年导演阿伦•雷乃用摄影机带领观众重回奥斯维辛。当年纳粹集中营的旧址上已是一片祥和美丽的野外风光。然而时间倒回到1933年纳粹党掌权之时，整个城市被阴霾笼罩——大片修建起来的集中营房排列整齐，大量犹太人被抓进集中营开始接受非人的折磨和侮辱。这里对人种进行分级，在皮肤上纹上编号，在衣服上缝制等级的徽章。疾病，饥饿，劳役使集中营尸体遍地。1942年希莱姆到访，奉行“破坏”政策，集中营难民进入更加悲惨的境遇，被药品公司买下用作实验。1945年，集中营人数倍增后已不堪负荷，成堆的尸体被推土机推入大坑掩埋......
乔西的虎与鱼,(2020),2021-06-11 (CN),"动画,剧情,爱情",1h 38m,83,日语,田村耕太郎,桑村沙耶香,Together they can fly.,专攻海洋生物学的恒夫，为了实现自己能够亲眼看一下只生活在墨西哥的梦幻鱼群的梦想，日夜不停地在进行着兼职打工。一天恒夫偶然遇见一个女孩坐在轮椅上，失控从斜坡上冲下来。得到了大学生恒夫救了这个女孩。这个女孩叫乔西，自幼便一直坐在轮椅上，她的祖母千津一直照顾乔西，和她相依为命。祖母千津向恒夫介绍了一份兼职工作。这份工作的内容就是听从乔西的要求，并想办法满足她。乔西活在自我世界里，可以遨游在自己感兴趣的绘画和书籍的海洋中。然而，她不善与他人交流且十分固执。乔希对恒夫非常刻薄，而恒夫也没有在意乔西是个残疾人，直率地回应她……
从前有个工作室,(2023),2023-11-24 (CN),"动画,家庭,奇幻,剧情,喜剧",9m,83,英语,Dan Abraham,Trent Correy,100 years of Disney magic comes together.,短片为迪士尼成立满100周年的纪念作品，导演崔伦特·柯瑞和丹·亚伯拉罕花了大约八个月时间构思，他们称该短片是写给华特迪士尼动画工作室的“情书”，也是“对过去一百年来与电影产生联系的观众表达感谢”。该短片登场的角色多达400多个，其中包括《石中剑》的梅林、《公主与青蛙》的蒂安娜、《冰雪奇缘系列》的艾莎、《星际宝贝系列》的史迪奇以及《四眼天鸡》的鸡丁，并由40多名配音员声演。
从天而降,(2019),2019-12-24 (MX),"喜剧,剧情,音乐",1h 52m,83,西班牙语,Pepe Bojórquez,Alfredo Felix-Diaz,简介,墨西哥传奇人物佩德罗·因凡特（Pedro Infante）在地球上又获得了一次机会，可以为自己与女性的交往赎罪，并在一个模仿者的身体里赢得天堂.
现代启示录,(1979),1979-05-19 (CN),"剧情,战争",3h 22m,83,英语,弗朗西斯·科波拉,约瑟夫·康拉德,这就是终点...,越战期间，威拉德上尉受命执行一项危险任务，深入柬埔寨刺杀一位脱离建制的叛变上校——此人已在当地部落自封神明。
超级马力欧银河大电影,(2026),2026-04-03 (CN),"家庭,喜剧,冒险,奇幻,动画",1h 38m,83,英语,亚伦·霍瓦特,迈克尔·杰勒尼克,星系在召唤。,重返奇妙世界，探索浩瀚宇宙，罗莎塔公主、酷霸Jr.、耀西等更多惊喜角色登场，开拓更宏大酷炫的版图，呈现更精彩纷呈的冒险。
萤火之森,(2011),2011-09-17 (JP),"爱情,动画,奇幻",44m,83,日语,大森贵弘,,我已经等不到夏天了,某年夏天，6岁小女孩竹川萤来到爷爷家度假，她闯进了传说住满妖怪的山神森林。正当她因为迷路而焦急万分的时候，一个戴着狐狸面具的大男孩出现在她面前，并引领着萤找到回家的路。虽然萤分外感激，可是男孩却禁止她碰触自己的身体，原来这名叫银的男孩并非人类，他一旦被人类碰触就会烟消云散。在此后的日子里，萤和银成为好朋友，他们走遍了森林的每一个角落玩耍。日复一日，年复一年，每到夏天的时候萤就会如约来到森林和好朋友见面。她遵守着和银的约定，无论如何也不碰触银的身体。随着年龄的增长，萤和银对彼此的情感都悄悄发生了变化，他们共同期待相聚的日子，共同期待拥抱对方。本片根据绿川幸的原作改编。
迈克尔·杰克逊：颤栗,(1983),1983-11-21 (US),"恐怖,音乐,惊悚",14m,83,英语,约翰·兰迪斯,迈克尔·杰克逊,简介,黑人女青年（欧拉·蕾 Ola Ray 饰）跟男友（迈克尔·杰克逊 Michael Jackson 饰）因为汽车没油了走在回家的路上，男友像她示爱，女青年欣然接受，但是男青年向她透露自己跟常人不一样。正当女青年在犯迷糊之时男友已经趁着月光变身成了狼人，关键时刻镜头一转才发现真实的情况是这只是女青年和男友正在看的恐怖片。女青年因为害怕决定要早走，男友追上了她，解释一番过后两个嬉笑着回家。但是真正的危险正在发生，当他们路过一片墓地时，恐怖的食人尸都从地底下爬了出来……
新世纪福音战士剧场版：Air / 真心为你,(1997),1997-07-19 (JP),"动画,科幻,剧情,奇幻,动作",1h 27m,83,日语,庵野秀明,鹤卷和哉,毁灭的命运亦是重生的喜悦。,《新世纪福音战士》系列第二部剧场版，于 1997 年 7 月 19 日在日本上映。全名：《新世纪福音战士剧场版：THE END OF EVANGELION》（日语：新世紀エヴァンゲリオン 劇場版 THE END OF EVANGELION - Air/まごころを、君に，英语：NEON GENESIS EVANGELION: THE END OF EVANGELION - AIR/SINCERELY YOURS）。剧情承接 TV 动画版第 24 集，包括了重新制作的第 25 、第 26 话。在这部剧场版中第 25 话的名字是 “AIR”（天空），而副标题是 “LOEV IS DESTRUCTIVE”（爱是一种伤害）；第 26 话的名字是 “YOUR SINCERELY”（真心为你），副标题是“ONE MORE FINAL: I NEED YOU”（再说最后一遍：我需要你）。剧场版的每一话都和电视版一样有一个 “EYE - CATCH” 镜头（即每集中间那个黑底白字的英文标题）。这部剧场版标志着整个旧世纪《新世纪福音战士》的终结。影片分成 “Air” 与 “真心为你” 两个部分。神秘的 EVA 零号机驾驶员绫波丽，在与碇元渡约定之时，来到了 NERV 底层中央教条的红色水池边。她的命运似乎就将在此结束。在危急时刻，葛城美里不但要完成加持良治交待的对“第二次浩劫”真相以及“人类补完计划”的探查工作，还要保护碇真嗣与明日香，以及防备 SEELE 对初号机与二号机的物理接触。出于对碇元渡的憎恨，赤木律子接受了 SEELE 引爆 MAGI 的提案，她能否成功 ？长期与 SEELE 共事的碇元度、冬月耕造、碇唯，为了防止人类“最终的悲剧”，而酝酿了的“人类补完计划”能否实现 ？尽在《新世纪福音战士》电影版第 2 部中解答。
狮子王,(1994),1995-07-15 (CN),"动画,家庭,剧情",1h 29m,83,英语,罗布·明科夫,罗杰·艾勒斯,最伟大的冒险，莫过于在生命的轮回中找到属于自己的位置。,辛巴是荣耀王国的小王子，他的父亲穆法沙是一个威严的国王。然而叔叔刀疤却对穆法沙的王位觊觎已久。要想坐上王位，刀疤必须除去小王子。于是刀疤利用种种借口让辛巴外出，然后伺机大开杀戒，无奈辛巴被穆法沙及时来救。在反复的算计下，穆法沙惨死在刀疤手下。刀疤一方面别有用心地劝辛巴离开，一方面派人将他赶尽杀绝。辛巴逃亡中遇到了机智的丁满和善良的彭彭，他们抚养辛巴长成雄壮的大狮子，鼓励他回去森林复国。在接下来一场复国救民的斗争中，辛巴真正长成一个坚强的男子汉，领会了责任的真谛。
七号房的礼物,(2019),2020-10-15 (CN),剧情,2h 12m,83,土耳其语,Mehmet Ada Öztekin,Kubilay Tat,简介,梅莫（阿拉斯·布鲁特·伊涅姆利 Aras Bulut Iynemli 饰）虽然生得人高马大，但却只有相当于6岁孩童一般的智慧，他带着女儿奥瓦（妮莎·索菲亚·阿克松古尔 Nisa Sofiya Aksongur 饰），同奶奶法蒂玛（塞利尔·托扬·乌伊萨尔 Celile Toyon Uysal 饰）生活在一起，日子虽然过得紧巴巴的，但一家人能够团聚就是最大的快乐。  哪知道某日祸从天降，连一只蚂蚁都不愿意踩死的梅莫，竟然背负上了莫须有的杀人罪名，被关进了七号牢房中，单纯的梅莫并不知道自己即将面临怎样悲惨的命运。在监狱里，梅莫很快就和他的狱友们成为了朋友，梅莫开朗乐观的性格感染了周围的每一个人，给他们带来了快乐和希望，为了回报梅莫，这些曾经“穷凶极恶”的罪人们决定用他们的性命为筹码，来实现梅莫一个希冀已久的愿望。
光荣之路,(1957),1957-12-20 (US),"战争,剧情",1h 27m,83,英语,斯坦利·库布里克,汉弗莱·科布,一将功成万骨枯,斯坦利·库布里克执导，堪称影史最具震撼力的反战电影之一。柯克·道格拉斯以炽烈演技诠释第一次世界大战期间一位法国上校的形象——当他的士兵因未能完成不可能的任务而被控怯战时，他毅然与军队高层的冷酷权威展开正面对抗。这部以精湛摄影呈现的沉郁之作，精准剖解了军事机器的荒谬本质与非人性化机制（这一主题将持续贯穿库布里克的创作生涯）。从压抑的战壕对峙到扣人心弦的法庭高潮，直至摧人心魄的结局场景，全片以这位传奇导演标志性的精准掌控力层层推进，铸就了这部不朽杰作。[标准收藏公司]
